{"Acceleration":[0.0,0.0],"Color":[0.19900000095367432,0.6940000057220459,1.0,1.0],"DiffuseTextureIndex":35,"Duration":0.10000000149011612,"GuageSpeed":2.0,"MaskTextureIndex":-1,"MinColor":[0.5,0.656000018119812,1.0,1.0],"Speed":[0.0,0.0],"localMatrix":[350.0,0.0,0.0,0.0,0.0,15.0,0.0,0.0,0.0,0.0,1.0,0.0,30.0,300.0,0.0,1.0],"renderPass":21}