{"00. RenderPass":0,"01. Color":[0.9725490212440491,0.14901961386203766,0.14901961386203766,0.30588236451148987],"02. HDR Intensity":1.399999976158142,"03. LocalMatrix":[5.0,0.0,0.0,0.0,0.0,5.0,0.0,0.0,0.0,0.0,1.0,0.0,0.0,0.0,0.0,1.0],"04. MaskColor":[1.0,1.0,1.0,1.0],"10. DiffuseTextureIndex":48,"11. MaskTextureIndex":-1}