{"00. RenderPass":1,"01. Color":[0.3463936746120453,0.08426476269960403,0.3885542154312134,1.0],"02. HDR Intensity":9.899999618530273,"03. LocalMatrix":[5.706338882446289,1.8541018962860107,0.0,0.0,-1.2360680103302002,3.8042261600494385,0.0,0.0,0.0,0.0,-1.0,0.0,0.0,0.0,0.0,1.0],"04. MaskColor":[1.0,1.0,1.0,1.0],"10. DiffuseTextureIndex":134,"11. MaskTextureIndex":134}