{"00. RenderPass":1,"01. Color":[0.5764706134796143,0.05882352963089943,0.47843137383461,1.0],"02. HDR Intensity":12.600000381469727,"03. LocalMatrix":[5.836650848388672,-1.3904863595962524,0.0,0.0,0.9269916415214539,3.891103506088257,0.0,0.0,0.0,0.0,-1.0,0.0,0.0,0.0,0.0,1.0],"04. MaskColor":[1.0,1.0,1.0,1.0],"10. DiffuseTextureIndex":134,"11. MaskTextureIndex":134}