{"00. RenderPass":1,"01. Color":[1.0,1.0,1.0,0.12156862765550613],"02. HDR Intensity":5.699999809265137,"03. LocalMatrix":[8.0,0.0,0.0,0.0,0.0,8.0,0.0,0.0,0.0,0.0,1.0,0.0,0.0,0.0,0.0,1.0],"04. MaskColor":[0.6549019813537598,0.3921568691730499,0.3960784375667572,0.18431372940540314],"10. DiffuseTextureIndex":124,"11. MaskTextureIndex":124}