{"00. RenderPass":1,"01. Color":[0.9443895220756531,0.08915479481220245,0.9548192620277405,1.0],"02. HDR Intensity":20.299999237060547,"03. LocalMatrix":[2.0,0.0,0.0,0.0,0.0,2.0,0.0,0.0,0.0,0.0,1.0,0.0,0.0,0.0,0.0,1.0],"04. MaskColor":[0.3960784375667572,0.05098039284348488,0.23529411852359772,1.0],"10. DiffuseTextureIndex":53,"11. MaskTextureIndex":53}