{"0. FileTag":"BossDamage2","1. Data":[{"A-1. TextureRenderType":0,"A-1_0. Sprite_Width":2,"A-1_1. Sprite_Height":2,"A-1_2. Sprite_DurationeTime":0.30000001192092896,"A. Type":9,"B. Pass":9,"C. HDRValue":1.0,"D. Color":[0.729411780834198,0.14509804546833038,0.6941176652908325,0.2666666805744171],"E. DiffuseTex":[53.0,0.0,0.0,0.0,0.0],"F. Spread":false,"G. Max":[5.0,5.0,5.0],"G. Min":[-5.0,0.0,-5.0],"H. InstanceSpeed":0.10000000149011612,"I. CreateRange":1.0,"J. Range":1.0,"K. Term":2.0,"L. PowValue":0.20000000298023224,"M. Size":[0.10000000149011612,0.20000000298023224]}]}