{"0. FileTag":"BossDamage","1. Data":[{"A-1. TextureRenderType":1,"A-1_0. Sprite_Width":2,"A-1_1. Sprite_Height":2,"A-1_2. Sprite_DurationeTime":0.30000001192092896,"A. Type":9,"B. Pass":20,"C. HDRValue":3.0,"D. Color":[1.0,0.10077518224716187,0.9477196931838989,1.0],"E. DiffuseTex":[21.0,0.0,0.0,0.0,0.0],"F. Spread":false,"G. Max":[1.0,1.0,1.0],"G. Min":[-1.0,0.0,-1.0],"H. InstanceSpeed":0.10000000149011612,"I. CreateRange":1.0,"J. Range":1.0,"K. Term":2.0,"L. PowValue":0.20000000298023224,"M. Size":[0.10000000149011612,0.20000000298023224]}]}