{"0. FileTag":"E_P_Particle","1. Data":[{"A-1. TextureRenderType":0,"A-1_0. Sprite_Width":0,"A-1_1. Sprite_Height":0,"A-1_2. Sprite_DurationeTime":0.0,"A. Type":9,"B. Pass":19,"C. HDRValue":2.0,"D. Color":[1.0,0.0,0.9104804992675781,0.8558225631713867],"E. DiffuseTex":[53.0,0.0,0.0,0.0,0.0],"F. Spread":true,"G. Max":[0.0,0.0,0.0],"G. Min":[-1.0,-1.0,-1.0],"H. InstanceSpeed":0.24105238914489746,"I. CreateRange":1.0,"J. Range":15.0,"K. Term":2.0,"L. PowValue":0.20000000298023224,"M. Size":[0.10000000149011612,1.0]}]}