{"0. FileTag":"ShamanHand","1. Data":[{"A-1. TextureRenderType":1,"A-1_0. Sprite_Width":8,"A-1_1. Sprite_Height":8,"A-1_2. Sprite_DurationeTime":0.30000001192092896,"A. Type":4,"B. Pass":22,"C. HDRValue":1.2999999523162842,"D. Color":[0.6981481313705444,0.40208160877227783,0.6488037705421448,0.03921568766236305],"E. DiffuseTex":[26.0,0.0,0.0,0.0,0.0],"F. Spread":true,"G. Max":[0.5,0.5,0.5],"G. Min":[-0.5,-0.5,-0.5],"H. InstanceSpeed":0.10000000149011612,"I. CreateRange":1.0,"J. Range":1.0,"K. Term":1.0,"L. PowValue":1.0,"M. Size":[1.0,1.0]}]}