{"0. FileTag":"ShamanHand","1. Data":[{"A-1. TextureRenderType":1,"A-1_0. Sprite_Width":8,"A-1_1. Sprite_Height":8,"A-1_2. Sprite_DurationeTime":0.30000001192092896,"A. Type":8,"B. Pass":22,"C. HDRValue":1.0,"D. Color":[0.5960264801979065,0.4684005081653595,0.5567569732666016,0.062745101749897],"E. DiffuseTex":[26.0,0.0,0.0,0.0,0.0],"F. Spread":true,"G. Max":[0.5,0.0,0.5],"G. Min":[-0.5,0.0,-0.5],"H. InstanceSpeed":0.10000018775463104,"I. CreateRange":1.0,"J. Range":0.5,"K. Term":1.0,"L. PowValue":1.0,"M. Size":[0.20000000298023224,1.0]}]}