{"0.Save Level":5,"1.Save2Load Level":5,"2.Layer Tag":"Layer_Effect","Pulse Test":[{"Object Data":[{"Child Count":0,"Desc":[{"Alpha":0.0,"Angle":0.0,"Billboard":true,"Blend Type":1,"Color":[0.70703125,0.835205078125,1.0,0.32549020648002625],"CreateRange":0.0,"DiffuseTexture Index":[65.0,0.0,0.0,0.0,0.0],"DurationTime":0.15000000596046448,"Effect Type":0,"FreeMove":false,"Have Trail":false,"Height Frame":0.0,"HeightCnt":2,"Init Pos":[0.0,0.0,0.0,0.0],"MaskTexture Index":[0.0,0.0,0.0,0.0,0.0],"Mesh Type":0,"MoveDir Type":0,"MoveDurationTime":0.0,"MovingPosition":false,"NormalTexture Index":0.0,"Particle Type":0,"Pixed Dir":[0.0,0.0,0.0,0.0],"Range":0.0,"Rotation Type":0,"Scale":[0.32549020648002625,0.32549020648002625,0.32549020648002625,0.32549020648002625],"SeparateHeight":2,"SeparateWidth":2,"Spread":false,"Start":false,"Texture Type":0,"TextureRender Type":1,"Trigger":false,"Use Child":false,"Use Mask":false,"Use Normal":false,"Width Frame":1.0,"WidthCnt":2}],"Have DTextureCnt":1,"Have MTextureCnt":1,"WorldMatrix":[-0.7719210386276245,0.5032703876495361,0.38840290904045105,0.0,0.6165328025817871,0.44368794560432434,0.6504062414169312,0.0,0.1550004780292511,0.741525411605835,-0.6527747511863708,0.0,0.0,0.0,0.0,1.0]}]}]}