{"0.Save Level":5,"1.Save2Load Level":5,"2.Layer Tag":"Layer_Effect","Pulse Test":[{"Object Data":[{"Child Count":0,"Desc":[{"Alpha":0.0,"Angle":0.0,"Billboard":true,"Blend Type":0,"Color":[0.24774169921875,0.32099103927612305,0.515625,0.6039215922355652],"CreateRange":0.0,"DiffuseTexture Index":[53.0,0.0,0.0,0.0,0.0],"DurationTime":0.0,"Effect Type":0,"FreeMove":false,"Have Trail":false,"Height Frame":0.0,"HeightCnt":0,"Init Pos":[0.0,0.0,0.0,0.0],"MaskTexture Index":[83.0,0.0,0.0,0.0,0.0],"Mesh Type":0,"MoveDir Type":0,"MoveDurationTime":0.0,"MovingPosition":false,"NormalTexture Index":0.0,"Particle Type":0,"Pixed Dir":[0.0,0.0,0.0,0.0],"Range":0.0,"Rotation Type":0,"Scale":[0.6039215922355652,0.6039215922355652,0.6039215922355652,0.6039215922355652],"SeparateHeight":0,"SeparateWidth":0,"Spread":false,"Start":false,"Texture Type":0,"TextureRender Type":0,"Trigger":false,"Use Child":false,"Use Mask":true,"Use Normal":false,"Width Frame":0.0,"WidthCnt":0}],"Have DTextureCnt":1,"Have MTextureCnt":1,"WorldMatrix":[-0.7429112792015076,-0.1696474403142929,0.6475356817245483,0.0,-0.21491047739982605,0.9765894412994385,0.009291350841522217,0.0,-0.6339528560638428,-0.1322595775127411,-0.7619784474372864,0.0,0.0,0.0,0.0,1.0]}]}]}