{"0.Save Level":5,"1.Save2Load Level":0,"2.Layer Tag":"Layer_Effect","Object":[{"Object Data":[{"Child Count":0,"Desc":[{"Alpha":0.0,"Angle":0.0,"Billboard":false,"Blend Type":0,"Color":[1.0,0.49803921580314636,1.0,0.24705882370471954],"CreateRange":0.0,"DiffuseTexture Index":[110.0,0.0,0.0,0.0,0.0],"DurationTime":0.0,"Effect Type":0,"FreeMove":false,"Have Trail":false,"Height Frame":0.0,"HeightCnt":0,"Init Pos":[0.0,0.0,0.0,0.0],"MaskTexture Index":[0.0,0.0,0.0,0.0,0.0],"Mesh Type":0,"MoveDir Type":0,"MoveDurationTime":0.0,"MovingPosition":false,"NormalTexture Index":0.0,"Particle Type":0,"PassCnt":21,"Pixed Dir":[0.0,0.0,0.0,0.0],"Range":0.0,"Rotation Type":0,"Scale":[0.24705882370471954,0.24705882370471954,0.24705882370471954,0.24705882370471954],"SeparateHeight":0,"SeparateWidth":0,"Spread":false,"Start":false,"Texture Type":0,"TextureRender Type":1,"Trigger":false,"Use Child":false,"Use Mask":false,"Use Normal":false,"Width Frame":0.0,"WidthCnt":0}],"Have DTextureCnt":1,"Have MTextureCnt":1,"WorldMatrix":[-1.3113415775478643e-07,-3.0,0.0,0.0,1.0,-4.371138828673793e-08,0.0,0.0,0.0,0.0,2.999133348464966,0.0,0.0,2.0858802795410156,0.0,1.0]}]}]}