{"0.Save Level":2,"1.Save2Load Level":0,"2.Layer Tag":"Layer_Effect","Object":[{"Object Data":[{"Child Count":0,"Desc":[{"Alpha":0.0,"Angle":0.0,"Billboard":true,"Blend Type":0,"Color":[1.0,0.5563380718231201,0.8094128370285034,1.0],"CreateRange":0.0,"DiffuseTexture Index":[98.0,0.0,0.0,0.0,0.0],"DurationTime":0.20000000298023224,"Effect Type":0,"FreeMove":false,"Have Trail":false,"Height Frame":3.0,"HeightCnt":4,"Init Pos":[0.0,0.0,0.0,0.0],"MaskTexture Index":[0.0,0.0,0.0,0.0,0.0],"Mesh Type":0,"MoveDir Type":0,"MoveDurationTime":0.0,"MovingPosition":false,"NormalTexture Index":0.0,"Particle Type":0,"PassCnt":7,"Pixed Dir":[0.0,0.0,0.0,0.0],"Range":0.0,"Rotation Type":0,"Scale":[1.0,1.0,1.0,1.0],"SeparateHeight":4,"SeparateWidth":4,"Spread":false,"Start":false,"Texture Type":0,"TextureRender Type":1,"Trigger":false,"Use Child":false,"Use Mask":false,"Use Normal":false,"Width Frame":0.0,"WidthCnt":4}],"Have DTextureCnt":1,"Have MTextureCnt":1,"WorldMatrix":[0.9978808164596558,0.0016140621155500412,-0.06504841148853302,0.0,0.03339666873216629,3.9530091285705566,0.6104114651679993,0.0,0.06453055888414383,-0.1528225690126419,0.9861445426940918,0.0,0.0,1.6076080799102783,0.0,1.0]}]}]}