{"0.Save Level":5,"1.Save2Load Level":5,"2.Layer Tag":"Layer_Effect","Object":[{"Object Data":[{"Child Count":0,"Desc":[{"Alpha":0.0,"Angle":0.0,"Billboard":true,"Blend Type":0,"Color":[1.0,0.4156862795352936,0.5137255191802979,1.0],"CreateRange":0.0,"DiffuseTexture Index":[96.0,0.0,0.0,0.0,0.0],"DurationTime":0.8999999761581421,"Effect Type":0,"FreeMove":false,"Have Trail":false,"Height Frame":2.0,"HeightCnt":8,"Init Pos":[0.0,0.0,0.0,0.0],"MaskTexture Index":[0.0,0.0,0.0,0.0,0.0],"Mesh Type":0,"MoveDir Type":0,"MoveDurationTime":0.0,"MovingPosition":false,"NormalTexture Index":0.0,"Particle Type":0,"PassCnt":7,"Pixed Dir":[0.0,0.0,0.0,0.0],"Range":0.0,"Rotation Type":0,"Scale":[1.0,1.0,1.0,1.0],"SeparateHeight":8,"SeparateWidth":8,"Spread":false,"Start":false,"Texture Type":0,"TextureRender Type":1,"Trigger":false,"Use Child":false,"Use Mask":false,"Use Normal":false,"Width Frame":1.0,"WidthCnt":8}],"Have DTextureCnt":1,"Have MTextureCnt":1,"WorldMatrix":[-2.182490825653076,-0.04019330441951752,4.498346328735352,0.0,-1.0018929243087769,4.878565311431885,-0.44250404834747314,0.0,-4.385537624359131,-1.0945245027542114,-2.1375386714935303,0.0,0.0,0.0,-4.259343147277832,1.0]}]}]}