{"0.Save Level":5,"1.Save2Load Level":5,"2.Layer Tag":"Layer_Effect","Object":[{"Object Data":[{"Child Count":1,"ChildDesc":[{"Alpha":0.0,"Angle":0.0,"Billboard":true,"Blend Type":0,"Child CloneTag":"E_HeavyAttackGroundPoint_0","Child ProtoTag":"Prototype_GameObject_E_HeavyAttackGroundPoint","Color":[0.4052581787109375,0.661034107208252,0.88671875,0.5058823823928833],"CreateRange":0.0,"DiffuseTexture Index":[108.0,0.0,0.0,0.0,0.0],"DurationTime":0.5,"Effect Type":0,"FreeMove":false,"Have Trail":false,"Height Frame":3.0,"HeightCnt":5,"Init Pos":[0.0,0.0,0.0,0.0],"MaskTexture Index":[0.0,0.0,0.0,0.0,0.0],"Mesh Type":0,"MoveDir Type":0,"MoveDurationTime":0.0,"MovingPosition":false,"NormalTexture Index":0.0,"Particle Type":0,"PassCnt":0,"Pixed Dir":[0.0,0.0,0.0,0.0],"Range":0.0,"Rotation Type":0,"Scale":[0.5058823823928833,0.5058823823928833,0.5058823823928833,0.5058823823928833],"SeparateHeight":5,"SeparateWidth":5,"Spread":false,"Start":false,"Texture Type":0,"TextureRender Type":0,"Trigger":false,"Use Child":false,"Use Mask":false,"Use Normal":false,"Width Frame":3.0,"WidthCnt":5,"WorldMatrix":[1.4999600648880005,-0.0001497556222602725,-0.01098064798861742,0.0,-0.00319254444912076,1.4291342496871948,-0.4555933177471161,0.0,0.007004908286035061,0.30373626947402954,0.9527302980422974,0.0,0.0,0.0,0.0,1.0]}],"Desc":[{"Alpha":0.0,"Angle":0.0,"Billboard":true,"Blend Type":0,"Color":[0.36328125,0.656768798828125,1.0,1.0],"CreateRange":0.0,"DiffuseTexture Index":[113.0,0.0,0.0,0.0,0.0],"DurationTime":8.0,"Effect Type":0,"FreeMove":false,"Have Trail":false,"Height Frame":0.0,"HeightCnt":8,"Init Pos":[0.0,0.0,0.0,0.0],"MaskTexture Index":[0.0,0.0,0.0,0.0,0.0],"Mesh Type":0,"MoveDir Type":0,"MoveDurationTime":0.0,"MovingPosition":false,"NormalTexture Index":0.0,"Particle Type":0,"PassCnt":3,"Pixed Dir":[0.0,0.0,0.0,0.0],"Range":0.0,"Rotation Type":0,"Scale":[1.0,1.0,1.0,1.0],"SeparateHeight":8,"SeparateWidth":8,"Spread":false,"Start":false,"Texture Type":0,"TextureRender Type":0,"Trigger":false,"Use Child":false,"Use Mask":false,"Use Normal":false,"Width Frame":0.0,"WidthCnt":8}],"Have DTextureCnt":1,"Have MTextureCnt":1,"WorldMatrix":[0.9999909996986389,0.0009915158152580261,-0.004126519896090031,0.0,-0.0030586915090680122,0.842425525188446,-0.5388041138648987,0.0,0.002942053135484457,0.5388119220733643,0.8424209952354431,0.0,0.0,0.0,0.0,1.0]}]}]}