{"0.Save Level":2,"1.Save2Load Level":0,"2.Layer Tag":"Layer_Effect","Object":[{"Object Data":[{"Child Count":0,"Desc":[{"Alpha":0.0,"Angle":0.0,"Billboard":true,"Blend Type":0,"Color":[0.027777791023254395,0.5138891339302063,1.0,1.0],"CreateRange":0.0,"DiffuseTexture Index":[8.0,0.0,0.0,0.0,0.0],"DurationTime":0.8999999761581421,"Effect Type":0,"FreeMove":false,"Have Trail":false,"Height Frame":3.0,"HeightCnt":8,"Init Pos":[0.0,0.0,0.0,0.0],"MaskTexture Index":[23.0,0.0,0.0,0.0,0.0],"Mesh Type":0,"MoveDir Type":0,"MoveDurationTime":0.0,"MovingPosition":false,"NormalTexture Index":0.0,"Particle Type":0,"PassCnt":1,"Pixed Dir":[0.0,0.0,0.0,0.0],"Range":0.0,"Rotation Type":0,"Scale":[1.0,1.0,1.0,1.0],"SeparateHeight":8,"SeparateWidth":8,"Spread":false,"Start":false,"Texture Type":0,"TextureRender Type":1,"Trigger":false,"Use Child":false,"Use Mask":false,"Use Normal":false,"Width Frame":5.0,"WidthCnt":8}],"Have DTextureCnt":1,"Have MTextureCnt":1,"WorldMatrix":[-1.373704433441162,-0.034183088690042496,1.4531922340393066,0.0,-0.14447951316833496,1.9927568435668945,-0.08970152586698532,0.0,-1.4463962316513062,-0.16658994555473328,-1.3711987733840942,0.0,0.0,0.0,0.0,1.0]}]}]}