{"0.Save Level":2,"1.Save2Load Level":0,"2.Layer Tag":"Layer_Effect","Object":[{"Object Data":[{"Child Count":0,"Desc":[{"Alpha":0.0,"Angle":0.0,"Billboard":true,"Blend Type":0,"Color":[0.4663318693637848,0.28433242440223694,0.4663660526275635,1.0],"CreateRange":0.0,"DiffuseTexture Index":[26.0,0.0,0.0,0.0,0.0],"DurationTime":0.5,"Effect Type":0,"FreeMove":false,"Have Trail":false,"Height Frame":6.0,"HeightCnt":8,"Init Pos":[0.0,0.0,0.0,0.0],"MaskTexture Index":[0.0,0.0,0.0,0.0,0.0],"Mesh Type":0,"MoveDir Type":0,"MoveDurationTime":0.0,"MovingPosition":false,"NormalTexture Index":0.0,"Particle Type":0,"PassCnt":8,"Pixed Dir":[0.0,0.0,0.0,0.0],"Range":0.0,"Rotation Type":0,"Scale":[1.0,1.0,1.0,1.0],"SeparateHeight":8,"SeparateWidth":8,"Spread":false,"Start":false,"Texture Type":0,"TextureRender Type":1,"Trigger":false,"Use Child":false,"Use Mask":false,"Use Normal":false,"Width Frame":7.0,"WidthCnt":8}],"Have DTextureCnt":1,"Have MTextureCnt":1,"WorldMatrix":[-4.633289337158203,0.3021194636821747,1.8550885915756226,0.0,0.6493223905563354,4.888427257537842,0.8256261944770813,0.0,-1.7638053894042969,1.0059832334518433,-4.56913423538208,0.0,-10.177325248718262,0.9370567798614502,-9.197819709777832,1.0]}]}]}