{"0.Save Level":2,"1.Save2Load Level":0,"2.Layer Tag":"Layer_Effect","Object":[{"Object Data":[{"Child Count":1,"ChildDesc":[{"Alpha":0.0,"Angle":0.0,"Billboard":true,"Blend Type":0,"Child CloneTag":"E_ShamanHandCloud_0","Child ProtoTag":"Prototype_GameObject_E_ShamanHandCloud","Color":[1.0,1.0,1.0,0.886274516582489],"CreateRange":0.0,"DiffuseTexture Index":[5.0,0.0,0.0,0.0,0.0],"DurationTime":0.4000000059604645,"Effect Type":0,"FreeMove":false,"Have Trail":false,"Height Frame":5.0,"HeightCnt":8,"Init Pos":[0.0,0.0,0.0,0.0],"MaskTexture Index":[0.0,0.0,0.0,0.0,0.0],"Mesh Type":0,"MoveDir Type":0,"MoveDurationTime":0.0,"MovingPosition":false,"NormalTexture Index":0.0,"Particle Type":0,"PassCnt":7,"Pixed Dir":[0.0,0.0,0.0,0.0],"Range":0.0,"Rotation Type":0,"Scale":[0.886274516582489,0.886274516582489,0.886274516582489,0.886274516582489],"SeparateHeight":8,"SeparateWidth":8,"Spread":false,"Start":false,"Texture Type":0,"TextureRender Type":1,"Trigger":false,"Use Child":false,"Use Mask":false,"Use Normal":false,"Width Frame":0.0,"WidthCnt":8,"WorldMatrix":[-0.15629522502422333,0.018633315339684486,-0.4745783507823944,0.0,-0.032784353941679,0.49800005555152893,0.03034995123744011,0.0,0.47381114959716797,0.040604595094919205,-0.15444830060005188,0.0,-4.355972766876221,1.9940440654754639,-5.72344970703125,1.0]}],"Desc":[{"Alpha":0.0,"Angle":0.0,"Billboard":true,"Blend Type":0,"Color":[0.545098066329956,0.4470588266849518,0.615686297416687,0.4274509847164154],"CreateRange":0.0,"DiffuseTexture Index":[96.0,0.0,0.0,0.0,0.0],"DurationTime":0.30000001192092896,"Effect Type":0,"FreeMove":false,"Have Trail":false,"Height Frame":7.0,"HeightCnt":8,"Init Pos":[0.0,0.0,0.0,0.0],"MaskTexture Index":[0.0,0.0,0.0,0.0,0.0],"Mesh Type":0,"MoveDir Type":0,"MoveDurationTime":0.0,"MovingPosition":false,"NormalTexture Index":0.0,"Particle Type":0,"PassCnt":7,"Pixed Dir":[0.0,0.0,0.0,0.0],"Range":0.0,"Rotation Type":0,"Scale":[0.4274509847164154,0.4274509847164154,0.4274509847164154,0.4274509847164154],"SeparateHeight":8,"SeparateWidth":8,"Spread":false,"Start":false,"Texture Type":0,"TextureRender Type":1,"Trigger":false,"Use Child":false,"Use Mask":false,"Use Normal":false,"Width Frame":6.0,"WidthCnt":8}],"Have DTextureCnt":1,"Have MTextureCnt":1,"WorldMatrix":[-2.961453676223755,-0.025033187121152878,0.4787307679653168,0.0,-0.08187747746706009,2.978315830230713,-0.350759893655777,0.0,-0.4723382890224457,-0.35931476950645447,-2.9406979084014893,0.0,-10.031996726989746,0.9223287105560303,-9.554235458374023,1.0]}]}]}