{"0.Save Level":5,"1.Save2Load Level":0,"2.Layer Tag":"Layer_Effect","Object":[{"Object Data":[{"Child Count":0,"Desc":[{"Alpha":0.0,"Angle":0.0,"Billboard":true,"Blend Type":0,"Color":[0.2918233871459961,0.44470006227493286,0.8159722089767456,1.0],"CreateRange":0.0,"DiffuseTexture Index":[132.0,0.0,0.0,0.0,0.0],"DurationTime":0.4000000059604645,"Effect Type":0,"FreeMove":false,"Have Trail":false,"Height Frame":0.0,"HeightCnt":3,"Init Pos":[0.0,0.0,0.0,0.0],"MaskTexture Index":[0.0,0.0,0.0,0.0,0.0],"Mesh Type":0,"MoveDir Type":0,"MoveDurationTime":0.0,"MovingPosition":false,"NormalTexture Index":0.0,"Particle Type":0,"PassCnt":9,"Pixed Dir":[0.0,0.0,0.0,0.0],"Range":0.0,"Rotation Type":0,"Scale":[1.0,1.0,1.0,1.0],"SeparateHeight":3,"SeparateWidth":3,"Spread":false,"Start":false,"Texture Type":0,"TextureRender Type":1,"Trigger":false,"Use Child":false,"Use Mask":false,"Use Normal":false,"Width Frame":1.0,"WidthCnt":3}],"Have DTextureCnt":1,"Have MTextureCnt":1,"WorldMatrix":[0.7783463597297668,-0.007421956863254309,0.6277913451194763,0.0,-0.05141656473278999,0.9958178400993347,0.07552000880241394,0.0,-0.6257262229919434,-0.0910595953464508,0.7747095823287964,0.0,0.0,0.0,0.0,1.0]}]}]}