{"0.Save Level":5,"1.Save2Load Level":0,"2.Layer Tag":"Layer_Effect","Object":[{"Object Data":[{"Child Count":0,"Desc":[{"Alpha":0.0,"Angle":0.0,"Billboard":true,"Blend Type":0,"Color":[0.5996306538581848,0.8605666756629944,0.8947368264198303,1.0],"CreateRange":0.0,"DiffuseTexture Index":[132.0,0.0,0.0,0.0,0.0],"DurationTime":0.5,"Effect Type":0,"FreeMove":false,"Have Trail":false,"Height Frame":1.0,"HeightCnt":3,"Init Pos":[0.0,0.0,0.0,0.0],"MaskTexture Index":[0.0,0.0,0.0,0.0,0.0],"Mesh Type":0,"MoveDir Type":0,"MoveDurationTime":0.0,"MovingPosition":false,"NormalTexture Index":0.0,"Particle Type":0,"PassCnt":8,"Pixed Dir":[0.0,0.0,0.0,0.0],"Range":0.0,"Rotation Type":0,"Scale":[1.0,1.0,1.0,1.0],"SeparateHeight":3,"SeparateWidth":3,"Spread":false,"Start":false,"Texture Type":0,"TextureRender Type":1,"Trigger":false,"Use Child":false,"Use Mask":false,"Use Normal":false,"Width Frame":2.0,"WidthCnt":3}],"Have DTextureCnt":1,"Have MTextureCnt":1,"WorldMatrix":[0.9795079231262207,-0.011164417490363121,0.20109589397907257,0.0,0.003884171601384878,0.999323844909668,0.03656112402677536,0.0,-0.20136810839176178,-0.03503081947565079,0.9788890480995178,0.0,0.0,0.0,0.0,1.0]}]}]}