{"0.Save Level":2,"1.Save2Load Level":0,"2.Layer Tag":"Layer_Effect","Object":[{"Object Data":[{"Child Count":0,"Desc":[{"Alpha":0.0,"Angle":0.0,"Billboard":true,"Blend Type":0,"Color":[1.0,0.26760566234588623,0.994842529296875,1.0],"CreateRange":0.0,"DiffuseTexture Index":[147.0,0.0,0.0,0.0,0.0],"DurationTime":0.30000001192092896,"Effect Type":0,"FreeMove":false,"Have Trail":false,"Height Frame":1.0,"HeightCnt":6,"Init Pos":[0.0,0.0,0.0,0.0],"MaskTexture Index":[0.0,0.0,0.0,0.0,0.0],"Mesh Type":0,"MoveDir Type":0,"MoveDurationTime":0.0,"MovingPosition":false,"NormalTexture Index":0.0,"Particle Type":0,"PassCnt":8,"Pixed Dir":[0.0,0.0,0.0,0.0],"Range":0.0,"Rotation Type":0,"Scale":[1.0,1.0,1.0,1.0],"SeparateHeight":6,"SeparateWidth":7,"Spread":false,"Start":false,"Texture Type":0,"TextureRender Type":1,"Trigger":false,"Use Child":false,"Use Mask":false,"Use Normal":false,"Width Frame":2.0,"WidthCnt":7}],"Have DTextureCnt":1,"Have MTextureCnt":1,"WorldMatrix":[0.21911634504795074,0.004654154181480408,1.9879553318023682,0.0,-0.5993910431861877,2.4263312816619873,0.06038558483123779,0.0,-0.9646314382553101,-0.2409588247537613,0.10688769817352295,0.0,0.42240867018699646,0.0968138575553894,-1.8546080589294434,1.0]}]}]}