{"00. RenderPass":2,"01. Color":[0.5697211027145386,0.07944316416978836,0.2435203194618225,1.0],"02. MaskColor":[1.0,1.0,1.0,1.0],"03. HDR Intensity":9.399999618530273,"04. Model Index":0,"05. CutY":1.0,"06. UVScale":[1.0,1.0],"10. DiffuseTextureIndex":20,"11. MaskTextureIndex":132,"12. DissolveTextureIndex":-1,"20. Options":[false,true,false],"21. UVSpeed":[0.0,0.0],"22. SpriteFrames":[3,3],"23. SpriteSpeed":15.0,"24. SelfStop":false,"25. SelfStopTime":0.0}