{"00. RenderPass":4,"01. Color":[0.6055777072906494,0.07961776852607727,0.5448095202445984,1.0],"02. MaskColor":[1.0,1.0,1.0,1.0],"03. HDR Intensity":49.599998474121094,"04. Model Index":7,"05. CutY":1.0299999713897705,"10. DiffuseTextureIndex":63,"11. MaskTextureIndex":135,"12. DissolveTextureIndex":-1}