{
    "00. RenderPass": 2,
    "01. Color": [
        0.756972074508667,
        0.0,
        0.03619017079472542,
        1.0
    ],
    "02. MaskColor": [
        0.47410356998443604,
        0.0,
        0.0,
        1.0
    ],
    "03. HDR Intensity": 2.0,
    "04. Model Index": 5,
    "05. CutY": 0.49000000953674316,
    "06. UVScale": [
        3.4000000953674316,
        0.009999999776482582
    ],
    "07. vScale": [
        1.5,
        1.5,
        1.5
    ],
    "10. DiffuseTextureIndex": 20,
    "11. MaskTextureIndex": 39,
    "12. DissolveTextureIndex": 4,
    "20. Options": [
        true,
        false,
        false
    ],
    "21. UVSpeed": [
        0.0,
        0.05000000074505806
    ],
    "22. SpriteFrames": [
        1,
        1
    ],
    "23. SpriteSpeed": 0.0,
    "24. SelfStop": false,
    "25. SelfStopTime": 0.0,
    "26. DissolvePass" : 3,
    "27. DissolveSpeed" : 1.0
}