{"00. RenderPass":4,"01. Color":[0.737051784992218,0.15563243627548218,0.669875979423523,1.0],"02. MaskColor":[1.0,1.0,1.0,1.0],"03. HDR Intensity":50.0,"04. Model Index":7,"05. CutY":0.9599999785423279,"06. UVSpeeds":[0.3540000021457672,0.0],"10. DiffuseTextureIndex":54,"11. MaskTextureIndex":135,"12. DissolveTextureIndex":-1}