{"00. RenderPass":0,"01. Color":[0.7196261882781982,0.16477422416210175,0.16477422416210175,1.0],"02. MaskColor":[1.0,1.0,1.0,1.0],"03. HDR Intensity":1.0,"04. Model Index":5,"05. CutY":0.5,"06. UVScale":[1.0,0.20000000298023224],"07. vScale":[1.0,1.0,1.0],"10. DiffuseTextureIndex":13,"11. MaskTextureIndex":-1,"12. DissolveTextureIndex":-1,"20. Options":[true,false,false],"21. UVSpeed":[0.0,0.0],"22. SpriteFrames":[1,1],"23. SpriteSpeed":0.0,"24. SelfStop":false,"25. SelfStopTime":0.0}