{
    "00. RenderPass": 2,
    "01. Color": [
        0.912350594997406,
        0.912350594997406,
        0.912350594997406,
        1.0
    ],
    "02. MaskColor": [
        1.0,
        1.0,
        1.0,
        1.0
    ],
    "03. HDR Intensity": 1.0,
    "04. Model Index": 0,
    "05. CutY": 1.0,
    "10. DiffuseTextureIndex": 95,
    "11. MaskTextureIndex": 8,
    "12. DissolveTextureIndex": -1,
    "20. Options": [
        false,
        true,
        false
    ],
    "21. UVSpeed": [
        0.0,
        0.0
    ],
    "22. SpriteFrames": [
        8,
        8
    ],
    "23. SpriteSpeed": 20.0,
    "24. SelfStop": true,
    "25. SelfStopTime": 3.0
}