{
    "00. RenderPass": 2,
    "01. Color": [
        0.7192513346672058,
        0.12500356137752533,
        0.6779400706291199,
        1.0
    ],
    "02. MaskColor": [
        1.0,
        1.0,
        1.0,
        1.0
    ],
    "03. HDR Intensity": 8.300000190734863,
    "04. Model Index": 6,
    "05. CutY": 1.0,
    "10. DiffuseTextureIndex": 98,
    "11. MaskTextureIndex": 20,
    "12. DissolveTextureIndex": 103
}