{"00. RenderPass":4,"01. Color":[0.5657370090484619,0.09466516226530075,0.5113104581832886,1.0],"02. MaskColor":[1.0,1.0,1.0,1.0],"03. HDR Intensity":44.29999923706055,"04. Model Index":7,"05. CutY":1.0,"10. DiffuseTextureIndex":99,"11. MaskTextureIndex":135,"12. DissolveTextureIndex":-1,"20. Options":[true,false,false],"21. UVSpeed":[0.24500000476837158,0.0],"22. SpriteFrames":[1,1],"23. SpriteSpeed":0.0}