{
    "00. RenderPass": 3,
    "01. Color": [
        0.8884462118148804,
        0.22299644351005554,
        0.5093256831169128,
        1.0
    ],
    "02. MaskColor": [
        1.0,
        1.0,
        1.0,
        1.0
    ],
    "03. HDR Intensity": 8.399999618530273,
    "04. Model Index": 8,
    "05. CutY": 0.5,
    "06. UVScale": [
        1.0,
        1.0
    ],
    "07. vScale": [
        0.10000000149011612,
        0.10000000149011612,
        0.10000000149011612
    ],
    "10. DiffuseTextureIndex": 20,
    "11. MaskTextureIndex": 20,
    "12. DissolveTextureIndex": 125,
    "20. Options": [
        false,
        false,
        false
    ],
    "21. UVSpeed": [
        0.0,
        0.0
    ],
    "22. SpriteFrames": [
        1,
        1
    ],
    "23. SpriteSpeed": 0.0,
    "24. SelfStop": false,
    "25. SelfStopTime": 0.0,
    "26. DissolvePass": 0,
    "27. DissolveSpeed": 0.1
}