{"00. Position":[0.0,11.300000190734863,0.0,1.0],"01. TextureIndex":53,"02. RenderPass":2,"03. Color":[0.3072289228439331,0.043493255972862244,0.043493255972862244,1.0],"04. HDR Intensity":16.5,"10. Type":1,"11. NumInstance":64,"12. Term":10.0,"13. PSize":[0.029999999329447746,0.10000000149011612],"14. SpeedMin":[0.10000000149011612,0.10000000149011612,-0.10000000149011612],"15. SpeedMax":[0.5,0.20000000298023224,0.10000000149011612],"16. minPos":[-5.0,-5.0,-5.0],"17. maxPos":[5.0,5.0,5.0],"18. fPlaySpeed":0.0}