{
    "00. Position": [
        0.2947428226470947,
        2.976579427719116,
        2.1311557292938232,
        1.0
    ],
    "01. TextureIndex": 10,
    "02. RenderPass": 2,
    "03. Color": [
        0.18959105014801025,
        0.012686390429735184,
        0.012686390429735184,
        1.0
    ],
    "04. HDR Intensity": 1.0,
    "05. TYPE_UI": false,
    "10. Type": 3,
    "11. NumInstance": 100,
    "12. Term": 0.800000011920929,
    "13. PSize": [
        0.10000000149011612,
        0.10000000149011612
    ],
    "14. SpeedMin": [
        5.0,
        0.10000000149011612,
        -0.10000000149011612
    ],
    "15. SpeedMax": [
        6.0,
        0.20000000298023224,
        0.10000000149011612
    ],
    "16. minPos": [
        -0.0010000000474974513,
        -0.0010000000474974513,
        -0.0010000000474974513
    ],
    "17. maxPos": [
        0.0010000000474974513,
        0.0020000000949949026,
        0.0010000000474974513
    ],
    "18. fPlaySpeed": 0.5,
    "20. Options": [
        false,
        false,
        false
    ],
    "21. UVSpeed": [
        0.0,
        0.0
    ],
    "22. SpriteFrames": [
        1,
        1
    ],
    "23. SpriteSpeed": 0.0,
    "24. SelfStop": true,
    "25. SelfStopTime": 2.0,
    "26. DissolvePass": 0,
    "27. DissolveSpeed": 0.0
}