{"00. Position":[-10.550999641418457,0.0,14.574477195739746,1.0],"01. TextureIndex":5,"02. RenderPass":3,"03. Color":[0.8286852836608887,0.7262850403785706,0.6801161766052246,1.0],"04. HDR Intensity":1.0,"10. Type":3,"11. NumInstance":30,"12. Term":0.5,"13. PSize":[1.0,1.0],"14. SpeedMin":[1.0,0.10000000149011612,-0.10000000149011612],"15. SpeedMax":[3.0,0.5,0.10000000149011612],"16. minPos":[-0.009999999776482582,0.0,-0.009999999776482582],"17. maxPos":[0.009999999776482582,0.0,0.009999999776482582],"18. fPlaySpeed":0.0,"20. Options":[false,true,false],"21. UVSpeed":[0.0,0.0],"22. SpriteFrames":[8,8],"23. SpriteSpeed":30.0,"24. SelfStop":true,"25. SelfStopTime":3.0}