{
    "00. Position": [
        0.0,
        0.0,
        0.0,
        1.0
    ],
    "01. TextureIndex": 5,
    "02. RenderPass": 3,
    "03. Color": [
        1.0,
        1.0,
        1.0,
        1.0
    ],
    "04. HDR Intensity": 1.0,
    "10. Type": 3,
    "11. NumInstance": 30,
    "12. Term": 3.0,
    "13. PSize": [
        0.30000001192092896,
        0.30000001192092896
    ],
    "14. SpeedMin": [
        0.5,
        0.10000000149011612,
        -0.10000000149011612
    ],
    "15. SpeedMax": [
        1.0,
        0.5,
        0.10000000149011612
    ],
    "16. minPos": [
        -0.0010000000474974513,
        0.0,
        -0.0010000000474974513
    ],
    "17. maxPos": [
        0.0010000000474974513,
        0.0,
        0.0010000000474974513
    ],
    "18. fPlaySpeed": 0.0,
    "20. Options": [
        false,
        true,
        true
    ],
    "21. UVSpeed": [
        0.0,
        0.0
    ],
    "22. SpriteFrames": [
        8,
        8
    ],
    "23. SpriteSpeed": 20.0
}