{"00. Position":[0.2423558086156845,1.481876015663147,-0.13485819101333618,1.0],"01. TextureIndex":0,"02. RenderPass":4,"03. Color":[1.0,1.0,1.0,1.0],"04. HDR Intensity":1.0,"10. Type":4,"11. NumInstance":100,"12. Term":0.0010000000474974513,"13. PSize":[0.10000000149011612,0.10000000149011612],"14. SpeedMin":[-0.10000000149011612,0.10000000149011612,-0.10000000149011612],"15. SpeedMax":[0.10000000149011612,0.5,0.10000000149011612],"16. minPos":[-3.0,0.0,-3.0],"17. maxPos":[3.0,0.0,3.0],"18. fPlaySpeed":1.0,"20. Options":[false,false,false],"21. UVSpeed":[0.0,0.0],"22. SpriteFrames":[1,1],"23. SpriteSpeed":0.0,"24. SelfStop":false,"25. SelfStopTime":0.0,"26. DissolvePass":0,"27. DissolveSpeed":0.0}