{"00. Position":[0.5331735610961914,1.2206676006317139,0.2723156809806824,1.0],"01. TextureIndex":33,"02. RenderPass":1,"03. Color":[0.7094339728355408,0.24897116422653198,0.3636525571346283,1.0],"04. HDR Intensity":3.5999999046325684,"05. TYPE_UI":false,"10. Type":0,"11. NumInstance":30,"12. Term":5.0,"13. PSize":[0.10000000149011612,0.10000000149011612],"14. SpeedMin":[-0.10000000149011612,0.10000000149011612,-0.10000000149011612],"15. SpeedMax":[0.10000000149011612,0.30000001192092896,0.10000000149011612],"16. minPos":[-1.0,0.0,-1.0],"17. maxPos":[1.0,0.0,1.0],"18. fPlaySpeed":0.0,"20. Options":[false,false,true],"21. UVSpeed":[0.0,0.0],"22. SpriteFrames":[7,6],"23. SpriteSpeed":30.0,"24. SelfStop":true,"25. SelfStopTime":3.0,"26. DissolvePass":0,"27. DissolveSpeed":0.0}