{"00. Position":[0.0,0.0,0.0,1.0],"01. TextureIndex":34,"02. RenderPass":1,"03. Color":[0.9003983736038208,0.30491575598716736,0.4330275356769562,1.0],"04. HDR Intensity":2.799999952316284,"10. Type":2,"11. NumInstance":100,"12. Term":1.0,"13. PSize":[0.05000000074505806,0.05000000074505806],"14. SpeedMin":[-0.5,0.5,-0.5],"15. SpeedMax":[0.5,1.0,0.5],"16. minPos":[0.0,-0.10000000149011612,0.0],"17. maxPos":[0.0,0.10000000149011612,0.0],"18. fPlaySpeed":0.30000001192092896,"20. Options":[false,false,false],"21. UVSpeed":[0.0,0.0],"22. SpriteFrames":[1,1],"23. SpriteSpeed":0.0,"24. SelfStop":false,"25. SelfStopTime":0.0}