{
    "00. Position": [
        0.0,
        0.0,
        0.0,
        1.0
    ],
    "01. TextureIndex": 126,
    "02. RenderPass": 1,
    "03. Color": [
        0.7928286790847778,
        0.23158679977059364,
        0.7320883631706238,
        1.0
    ],
    "04. HDR Intensity": 27.600000381469727,
    "10. Type": 2,
    "11. NumInstance": 20,
    "12. Term": 1.0,
    "13. PSize": [
        0.10000000149011612,
        0.10000000149011612
    ],
    "14. SpeedMin": [
        -0.5,
        -0.5,
        -0.5
    ],
    "15. SpeedMax": [
        0.5,
        0.5,
        0.5
    ],
    "16. minPos": [
        -0.30000001192092896,
        -0.30000001192092896,
        -0.30000001192092896
    ],
    "17. maxPos": [
        0.30000001192092896,
        0.30000001192092896,
        0.30000001192092896
    ],
    "18. fPlaySpeed": 0.0
}