{"00. Position":[0.0,0.0,0.0,1.0],"01. TextureIndex":124,"02. RenderPass":1,"03. Color":[0.5660377740859985,0.20719118416309357,0.3046892583370209,1.0],"04. HDR Intensity":4.800000190734863,"05. TYPE_UI":false,"10. Type":5,"11. NumInstance":100,"12. Term":1.0,"13. PSize":[0.30000001192092896,0.30000001192092896],"14. SpeedMin":[3.0,1.0,-0.10000000149011612],"15. SpeedMax":[3.5,2.0,0.10000000149011612],"16. minPos":[-0.0010000000474974513,-0.0010000000474974513,-0.0010000000474974513],"17. maxPos":[0.0010000000474974513,0.0010000000474974513,0.0010000000474974513],"18. fPlaySpeed":0.05000000074505806,"20. Options":[false,false,false],"21. UVSpeed":[0.0,0.0],"22. SpriteFrames":[1,1],"23. SpriteSpeed":0.0,"24. SelfStop":true,"25. SelfStopTime":3.0,"26. DissolvePass":0,"27. DissolveSpeed":0.0}