{"00. Position":[-16.144607543945313,-0.721839427947998,0.4509410858154297,1.0],"01. TextureIndex":5,"02. RenderPass":3,"03. Color":[1.0,0.85944664478302,0.7808765172958374,1.0],"04. HDR Intensity":1.0,"10. Type":3,"11. NumInstance":30,"12. Term":0.5,"13. PSize":[1.0,1.0],"14. SpeedMin":[8.0,0.10000000149011612,-0.10000000149011612],"15. SpeedMax":[9.0,0.5,0.10000000149011612],"16. minPos":[-0.009999999776482582,0.0,-0.009999999776482582],"17. maxPos":[0.009999999776482582,0.0,0.009999999776482582],"18. fPlaySpeed":0.0,"20. Options":[false,true,false],"21. UVSpeed":[0.0,0.0],"22. SpriteFrames":[8,8],"23. SpriteSpeed":20.0,"24. SelfStop":false,"25. SelfStopTime":0.0}