{
    "00. Position": [
        0.0,
        0.0,
        0.0,
        1.0
    ],
    "01. TextureIndex": 34,
    "02. RenderPass": 5,
    "03. Color": [
        0.5597269535064697,
        0.08214421570301056,
        0.08214421570301056,
        1.0
    ],
    "04. HDR Intensity": 2.5,
    "05. TYPE_UI": true,
    "10. Type": 5,
    "11. NumInstance": 50,
    "12. Term": 0.5,
    "13. PSize": [
        15.0,
        15.0
    ],
    "14. SpeedMin": [
        500.0,
        0.0,
        0.0
    ],
    "15. SpeedMax": [
        600.0,
        50.0,
        0.0
    ],
    "16. minPos": [
        0.0,
        0.0,
        0.0
    ],
    "17. maxPos": [
        0.10000000149011612,
        0.03999999910593033,
        0.0
    ],
    "18. fPlaySpeed": 100.0,
    "20. Options": [
        false,
        false,
        false
    ],
    "21. UVSpeed": [
        0.0,
        0.0
    ],
    "22. SpriteFrames": [
        1,
        1
    ],
    "23. SpriteSpeed": 0.0,
    "24. SelfStop": false,
    "25. SelfStopTime": 0.0,
    "26. DissolvePass": 0,
    "27. DissolveSpeed": 0.0
}