{"00. Position":[0.0,0.0,0.0,1.0],"01. TextureIndex":124,"02. RenderPass":1,"03. Color":[0.5660377740859985,0.20719118416309357,0.3046892583370209,1.0],"04. HDR Intensity":4.800000190734863,"05. TYPE_UI":false,"10. Type":0,"11. NumInstance":30,"12. Term":5.0,"13. PSize":[0.20000000298023224,0.20000000298023224],"14. SpeedMin":[-1.0,0.20000000298023224,-0.10000000149011612],"15. SpeedMax":[1.0,0.30000001192092896,0.10000000149011612],"16. minPos":[-1.0,0.0,-1.0],"17. maxPos":[1.0,0.0,1.0],"18. fPlaySpeed":0.10000000149011612,"20. Options":[false,false,false],"21. UVSpeed":[0.0,0.0],"22. SpriteFrames":[1,1],"23. SpriteSpeed":0.0,"24. SelfStop":true,"25. SelfStopTime":3.0,"26. DissolvePass":0,"27. DissolveSpeed":0.0}