{"00. Position":[0.0,0.0,0.0,1.0],"01. TextureIndex":26,"02. RenderPass":6,"03. Color":[0.0,0.0,0.0,0.5137255191802979],"04. HDR Intensity":1.0,"05. TYPE_UI":false,"10. Type":5,"11. NumInstance":10,"12. Term":5.0,"13. PSize":[2.0,2.0],"14. SpeedMin":[0.20000000298023224,0.20000000298023224,-0.10000000149011612],"15. SpeedMax":[0.30000001192092896,0.30000001192092896,0.10000000149011612],"16. minPos":[-0.0010000000474974513,-0.0010000000474974513,-0.0010000000474974513],"17. maxPos":[0.0010000000474974513,0.0010000000474974513,0.0010000000474974513],"18. fPlaySpeed":0.0,"20. Options":[false,true,true],"21. UVSpeed":[0.0,0.0],"22. SpriteFrames":[8,8],"23. SpriteSpeed":80.0,"24. SelfStop":false,"25. SelfStopTime":0.0,"26. DissolvePass":0,"27. DissolveSpeed":0.0}