{
    "00. Position": [
        0.0,
        0.0,
        0.0,
        1.0
    ],
    "01. TextureIndex": 34,
    "02. RenderPass": 0,
    "03. Color": [
        0.7720000147819519,
        0.10807999223470688,
        0.2992890179157257,
        1.0
    ],
    "04. HDR Intensity": 7.0,
    "10. Type": 3,
    "11. NumInstance": 50,
    "12. Term": 3.0,
    "13. PSize": [
        0.20000000298023224,
        0.20000000298023224
    ],
    "14. SpeedMin": [
        1.0,
        3.0,
        -0.10000000149011612
    ],
    "15. SpeedMax": [
        2.0,
        4.0,
        0.10000000149011612
    ],
    "16. minPos": [
        -0.009999999776482582,
        -0.009999999776482582,
        -0.009999999776482582
    ],
    "17. maxPos": [
        0.009999999776482582,
        0.029999999329447746,
        0.009999999776482582
    ],
    "18. fPlaySpeed": 0.30000001192092896,
    "20. Options": [
        false,
        false,
        false
    ],
    "21. UVSpeed": [
        0.0,
        0.0
    ],
    "22. SpriteFrames": [
        1,
        1
    ],
    "23. SpriteSpeed": 0.0,
    "24. SelfStop": true,
    "25. SelfStopTime": 2.0,
    "26. DissolvePass": 0,
    "27. DissolveSpeed": 0.0
}