{"00. Position":[-12.141450881958008,1.5190868377685547,12.07668399810791,1.0],"01. TextureIndex":5,"02. RenderPass":3,"03. Color":[1.0,0.85944664478302,0.7808765172958374,1.0],"04. HDR Intensity":1.0,"10. Type":3,"11. NumInstance":80,"12. Term":1.0,"13. PSize":[1.0,1.0],"14. SpeedMin":[2.5,0.10000000149011612,-0.10000000149011612],"15. SpeedMax":[3.0,0.5,0.10000000149011612],"16. minPos":[-0.009999999776482582,0.0,-0.009999999776482582],"17. maxPos":[0.009999999776482582,0.0,0.009999999776482582],"18. fPlaySpeed":0.0,"20. Options":[false,true,false],"21. UVSpeed":[0.0,0.0],"22. SpriteFrames":[8,8],"23. SpriteSpeed":50.0,"24. SelfStop":true,"25. SelfStopTime":2.0}