{"00. Position":[0.0,-0.07587414979934692,0.0,1.0],"01. TextureIndex":53,"02. RenderPass":1,"03. Color":[0.7769516706466675,0.15019138157367706,0.3598880171775818,1.0],"04. HDR Intensity":7.0,"05. TYPE_UI":false,"10. Type":0,"11. NumInstance":30,"12. Term":2.0,"13. PSize":[0.20000000298023224,0.20000000298023224],"14. SpeedMin":[-0.10000000149011612,0.10000000149011612,-0.10000000149011612],"15. SpeedMax":[0.10000000149011612,0.5,0.10000000149011612],"16. minPos":[-1.2999999523162842,0.0,-1.2999999523162842],"17. maxPos":[1.2999999523162842,0.0,1.2999999523162842],"18. fPlaySpeed":0.0,"20. Options":[false,false,false],"21. UVSpeed":[0.0,0.0],"22. SpriteFrames":[1,1],"23. SpriteSpeed":0.0,"24. SelfStop":true,"25. SelfStopTime":2.0,"26. DissolvePass":0,"27. DissolveSpeed":0.0}