{"00. Position":[0.0,0.0,0.0,1.0],"01. TextureIndex":53,"02. RenderPass":1,"03. Color":[0.9548192620277405,0.10065863281488419,0.10065863281488419,1.0],"04. HDR Intensity":11.5,"10. Type":2,"11. NumInstance":50,"12. Term":3.0,"13. PSize":[0.05000000074505806,0.05000000074505806],"14. SpeedMin":[-3.0,0.10000000149011612,-3.0],"15. SpeedMax":[3.0,3.0,3.0],"16. minPos":[0.0,-0.10000000149011612,0.0],"17. maxPos":[0.0,0.10000000149011612,0.0],"18. fPlaySpeed":0.6000000238418579}