{"00. Position":[0.0,0.0,0.0,1.0],"01. TextureIndex":53,"02. RenderPass":2,"03. Color":[0.5980738401412964,0.06046776846051216,0.6475903987884521,1.0],"04. HDR Intensity":14.600000381469727,"10. Type":1,"11. NumInstance":103,"12. Term":10.0,"13. PSize":[0.20000000298023224,2.0],"14. SpeedMin":[0.10000000149011612,0.10000000149011612,-0.10000000149011612],"15. SpeedMax":[0.30000001192092896,0.20000000298023224,0.10000000149011612],"16. minPos":[-5.0,-5.0,-5.0],"17. maxPos":[5.0,5.0,5.0],"18. fPlaySpeed":0.0}