{"00. Position":[-2.147505760192871,4.07960319519043,0.671111524105072,1.0],"01. TextureIndex":20,"02. RenderPass":4,"03. Color":[1.0,1.0,1.0,1.0],"04. HDR Intensity":1.0,"05. TYPE_UI":false,"10. Type":4,"11. NumInstance":100,"12. Term":0.0007999999797903001,"13. PSize":[0.10000000149011612,0.10000000149011612],"14. SpeedMin":[-0.10000000149011612,0.10000000149011612,-0.10000000149011612],"15. SpeedMax":[0.10000000149011612,0.5,0.10000000149011612],"16. minPos":[-3.0,0.0,-3.0],"17. maxPos":[3.0,0.0,3.0],"18. fPlaySpeed":2.0,"20. Options":[false,false,false],"21. UVSpeed":[0.0,0.0],"22. SpriteFrames":[1,1],"23. SpriteSpeed":0.0,"24. SelfStop":false,"25. SelfStopTime":0.0,"26. DissolvePass":0,"27. DissolveSpeed":0.0}