{
    "00. Position": [
        0.0,
        0.0,
        0.0,
        1.0
    ],
    "01. TextureIndex": 111,
    "02. RenderPass": 5,
    "03. Color": [
        0.8783270120620728,
        0.6081077456474304,
        0.13024620711803436,
        1.0
    ],
    "04. HDR Intensity": 5,
    "05. TYPE_UI": true,
    "10. Type": 5,
    "11. NumInstance": 100,
    "12. Term": 0.5,
    "13. PSize": [
        15.0,
        15.0
    ],
    "14. SpeedMin": [
        500.0,
        0.0,
        0.0
    ],
    "15. SpeedMax": [
        600.0,
        50.0,
        0.0
    ],
    "16. minPos": [
        -50.0,
        -50.0,
        0.0
    ],
    "17. maxPos": [
        50.0,
        50.0,
        0.0
    ],
    "18. fPlaySpeed": 100.0,
    "20. Options": [
        false,
        false,
        false
    ],
    "21. UVSpeed": [
        0.0,
        0.0
    ],
    "22. SpriteFrames": [
        1,
        1
    ],
    "23. SpriteSpeed": 0.0,
    "24. SelfStop": false,
    "25. SelfStopTime": 0.0,
    "26. DissolvePass": 0,
    "27. DissolveSpeed": 0.0
}