{"00. Position":[0.0,0.0,0.0,1.0],"01. TextureIndex":33,"02. RenderPass":1,"03. Color":[0.6943396329879761,0.07860446721315384,0.23195752501487732,1.0],"04. HDR Intensity":3.5999999046325684,"05. TYPE_UI":false,"10. Type":3,"11. NumInstance":30,"12. Term":1.0,"13. PSize":[0.10000000149011612,0.10000000149011612],"14. SpeedMin":[3.0,1.0,-0.10000000149011612],"15. SpeedMax":[4.0,2.0,0.10000000149011612],"16. minPos":[-0.0010000000474974513,-0.0010000000474974513,-0.0010000000474974513],"17. maxPos":[0.0010000000474974513,0.0010000000474974513,0.0010000000474974513],"18. fPlaySpeed":0.10000000149011612,"20. Options":[false,false,true],"21. UVSpeed":[0.0,0.0],"22. SpriteFrames":[7,6],"23. SpriteSpeed":30.0,"24. SelfStop":true,"25. SelfStopTime":1.0,"26. DissolvePass":0,"27. DissolveSpeed":0.0}