{"00. RenderPass":0,"01. Color":[0.7649402618408203,0.636711597442627,0.5851336121559143,1.0],"02. HDR Intensity":1.0,"03. LocalMatrix":[2.999999523162842,0.0,0.0,0.0,0.0,2.999999523162842,0.0,0.0,0.0,0.0,-1.0,0.0,0.0,5.0,0.0,1.0],"04. MaskColor":[1.0,1.0,1.0,1.0],"10. DiffuseTextureIndex":5,"11. MaskTextureIndex":-1,"20. Options":[false,true,true],"21. UVSpeed":[0.0,0.0],"22. SpriteFrames":[8,8],"23. SpriteSpeed":30.0}