{"00. RenderPass":1,"01. Color":[0.5764706134796143,0.05882352963089943,0.47843137383461,1.0],"02. HDR Intensity":12.600000381469727,"03. LocalMatrix":[4.863879203796387,-1.158739447593689,0.0,0.0,0.6952437162399292,2.918327569961548,0.0,0.0,0.0,0.0,-1.0,0.0,0.0,0.0,0.10000000149011612,1.0],"04. MaskColor":[1.0,1.0,1.0,1.0],"10. DiffuseTextureIndex":134,"11. MaskTextureIndex":134,"20. Options":[false,false,false],"21. UVSpeed":[0.0,0.0],"22. SpriteFrames":[1,1],"23. SpriteSpeed":0.0}