{"00. RenderPass":1,"01. Color":[0.9443895220756531,0.08915479481220245,0.9548192620277405,1.0],"02. HDR Intensity":12.699999809265137,"03. vScale":[1.999998927116394,1.999988317489624,0.9999996423721313],"10. DiffuseTextureIndex":53,"11. MaskTextureIndex":53}