{
    "00. RenderPass": 1,
    "01. Color": [
        0.3463936746120453,
        0.08426476269960403,
        0.3885542154312134,
        1.0
    ],
    "02. HDR Intensity": 9.899999618530273,
    "03. LocalMatrix": [
        4.755282878875732,
        1.5450849533081055,
        0.0,
        0.0,
        -0.9270509481430054,
        2.8531694412231445,
        0.0,
        0.0,
        0.0,
        0.0,
        -1.0,
        0.0,
        0.0,
        0.0,
        0.0,
        1.0
    ],
    "04. MaskColor": [
        1.0,
        1.0,
        1.0,
        1.0
    ],
    "10. DiffuseTextureIndex": 134,
    "11. MaskTextureIndex": 134,
    "20. Options": [
        false,
        false,
        false
    ],
    "21. UVSpeed": [
        0.0,
        0.0
    ],
    "22. SpriteFrames": [
        1,
        1
    ],
    "23. SpriteSpeed": 0.0
}