{
    "00. RenderPass": 0,
    "01. Color": [
        0.7951807379722595,
        0.004790266044437885,
        0.7918030619621277,
        0.1725490242242813
    ],
    "02. HDR Intensity": 6.099999904632568,
    "03. LocalMatrix": [
        6.0,
        0.0,
        0.0,
        0.0,
        0.0,
        6.0,
        0.0,
        0.0,
        0.0,
        0.0,
        1.0,
        0.0,
        0.0,
        0.0,
        0.0,
        1.0
    ],
    "04. MaskColor": [
        1.0,
        1.0,
        1.0,
        1.0
    ],
    "10. DiffuseTextureIndex": 48,
    "11. MaskTextureIndex": -1
}