{"00. RenderPass":1,"01. Color":[1.0,1.0,1.0,1.0],"02. HDR Intensity":1.0,"03. LocalMatrix":[5.0,0.0,0.0,0.0,0.0,5.0,0.0,0.0,0.0,0.0,1.0,0.0,0.0,1.0,0.800000011920929,1.0],"04. MaskColor":[0.5873606204986572,0.05458742380142212,0.05458742380142212,1.0],"10. DiffuseTextureIndex":119,"11. MaskTextureIndex":7,"20. Options":[false,true,true],"21. UVSpeed":[0.0,0.0],"22. SpriteFrames":[8,8],"23. SpriteSpeed":20.0,"24. SelfStop":false,"25. SelfStopTime":0.0,"26. DissolvePass":0,"27. DissolveSpeed":0.0}