{"00. RenderPass":1,"01. Color":[0.9372549057006836,0.09803921729326248,0.09803921729326248,0.2078431397676468],"02. HDR Intensity":1.0,"03. LocalMatrix":[8.0,0.0,0.0,0.0,0.0,8.0,0.0,0.0,0.0,0.0,1.0,0.0,0.0,0.0,0.0,1.0],"04. MaskColor":[0.545098066329956,0.9450980424880981,1.0,0.0],"10. DiffuseTextureIndex":97,"11. MaskTextureIndex":119}