{"00. RenderPass":1,"01. Color":[1.0,1.0,1.0,0.16078431904315948],"02. HDR Intensity":5.699999809265137,"03. vScale":[3.9999985694885254,4.000001907348633,0.9999998211860657],"10. DiffuseTextureIndex":124,"11. MaskTextureIndex":93}