{
    "00. RenderPass": 1,
    "01. Color": [
        1.0,
        1.0,
        1.0,
        0.4313725531101227
    ],
    "02. HDR Intensity": 5.699999809265137,
    "03. LocalMatrix": [
        5.0,
        0.0,
        0.0,
        0.0,
        0.0,
        5.0,
        0.0,
        0.0,
        0.0,
        0.0,
        1.0,
        0.0,
        0.0,
        0.0,
        0.01,
        1.0
    ],
    "04. MaskColor": [
        0.6549019813537598,
        0.3921568691730499,
        0.3960784375667572,
        0.18431372940540314
    ],
    "10. DiffuseTextureIndex": 124,
    "11. MaskTextureIndex": 124,
    "20. Options": [
        false,
        false,
        false
    ],
    "21. UVSpeed": [
        0.0,
        0.0
    ],
    "22. SpriteFrames": [
        1,
        1
    ],
    "23. SpriteSpeed": 0.0
}