{"Acceleration":[0.0,0.0],"Color":[0.0,0.8130000233650208,1.0,1.0],"DiffuseTextureIndex":35,"Duration":0.0,"GuageSpeed":2.0,"MaskTextureIndex":-1,"MinColor":[1.0,0.4189999997615814,0.800000011920929,1.0],"Speed":[0.0,0.0],"localMatrix":[430.0,0.0,0.0,0.0,0.0,7.0,0.0,0.0,0.0,0.0,1.0,0.0,486.0,-303.0,0.0,1.0],"renderPass":7}