{"DiffuseTextureIndex":1,"MaskTextureIndex":-1,"localMatrix":[531.8594970703125,0.0,0.0,0.0,0.0,20.0,0.0,0.0,0.0,0.0,1.0,0.0,270.92974853515625,-10.0,0.0,1.0],"renderPass":3}