{
    "Acceleration": [
        0.0,
        0.0
    ],
    "Color": [
        1.0,
        1.0,
        1.0,
        1.0
    ],
    "DiffuseTextureIndex": 14,
    "Duration": 0.10000000149011612,
    "EventRenderPass": 1,
    "GuageSpeed": 0.5,
    "MaskTextureIndex": -1,
    "MinColor": [
        0.10000000149011612,
        0.30000001192092896,
        0.5,
        1.0
    ],
    "Speed": [
        0.0,
        0.0
    ],
    "localMatrix": [
        80.0,
        0.0,
        0.0,
        0.0,
        0.0,
        80.0,
        0.0,
        0.0,
        0.0,
        0.0,
        1.0,
        0.0,
        -120.0,
        -105.0,
        0.0,
        1.0
    ],
    "renderPass": 6
}