{"Acceleration":[0.0,0.0],"Color":[1.0,1.0,1.0,1.0],"Duration":0.10000000149011612,"MinColor":[0.10000000149011612,0.30000001192092896,0.5,1.0],"Speed":[0.0,0.0],"localMatrix":[392.0,0.0,0.0,0.0,0.0,15.0,0.0,0.0,0.0,0.0,1.0,0.0,205.0,-10.0,0.0,1.0],"renderPass":7}