{
    "Acceleration": [
        0.0,
        0.0
    ],
    "Color": [
        1.0,
        1.0,
        1.0,
        1.0
    ],
    "DiffuseTextureIndex": 15,
    "Duration": 0.10000000149011612,
    "GuageSpeed": 2.0,
    "MaskTextureIndex": 16,
    "MinColor": [
        0.10000000149011612,
        0.30000001192092896,
        0.5,
        1.0
    ],
    "Speed": [
        0.0,
        0.0
    ],
    "localMatrix": [
        258.0,
        0.0,
        0.0,
        0.0,
        0.0,
        258.0,
        0.0,
        0.0,
        0.0,
        0.0,
        1.0,
        0.0,
        1.0,
        -1.0,
        0.0,
        1.0
    ],
    "renderPass": 9
}