{"Acceleration":[0.2540000081062317,0.0],"Color":[1.0,1.0,1.0,1.0],"DiffuseTextureIndex":3,"Duration":0.0,"GuageSpeed":2.0,"MaskTextureIndex":-1,"MinColor":[0.1289999932050705,0.3240000009536743,0.5,1.0],"Speed":[448.3608093261719,0.0],"localMatrix":[392.0,0.0,0.0,0.0,0.0,15.0,0.0,0.0,0.0,0.0,1.0,0.0,205.0,-10.0,0.0,1.0],"renderPass":7}