{"Acceleration":[0.20000000298023224,0.0],"Color":[0.9120000004768372,0.9710000157356262,0.9120000004768372,1.0],"DiffuseTextureIndex":3,"Duration":0.0,"GuageSpeed":2.0,"MaskTextureIndex":-1,"MinColor":[0.2939999997615814,0.1469999998807907,0.5590000152587891,1.0],"Speed":[135.5440673828125,0.0],"localMatrix":[295.0,0.0,0.0,0.0,0.0,12.0,0.0,0.0,0.0,0.0,1.0,0.0,153.0,-41.0,0.0,1.0],"renderPass":7}