{
  "0_KeyFrameSize": 4,
  "1_Data": [
    {
      "0_Pos": [ 11.833077430725098, 0.7187644243240356, 33.02597427368164 ],
      "1_LookAt": [ 0.04632306843996048, -0.3978811800479889, 0.9162648320198059 ],
      "2_Time": 4.0
    },
    {
      "0_Pos": [ 11.28687572479248, 0.7187644243240356, 33.02597427368164 ],
      "1_LookAt": [ 0.43049538135528564, -0.39787936210632324, 0.8101611733436584 ],
      "2_Time": 8.0
    },
    {
      "0_Pos": [ 9.679137229919434, 0.7187641263008118, 34.809959411621094 ],
      "1_LookAt": [ 0.7731755375862122, -0.39787808060646057, 0.4938488304615021 ],
      "2_Time": 12.0
    },
    {
      "0_Pos": [ 8.188946723937988, 0.7187641263008118, 35.69007110595703 ],
      "1_LookAt": [ 0.9063542485237122, -0.3978767395019531, 0.14216165244579315 ],
      "2_Time": 16.0
    }
  ],
  "2_ChatFileName": "NPCCineChat0"
}