{
  "0_KeyFrameSize": 2,
  "1_Data": [
    { "0_Transform State": [ 0.6010622978210449, 0.0, -0.7992019653320313, 0.0, 0.0, 1.0, 0.0, 0.0, 0.7992019653320313, 0.0, 0.6010622978210449, 0.0, 57.863243103027344, 4.554675001600117e-07, 90.21469116210938, 1.0 ] },
    { "0_Transform State": [ 0.9999959468841553, 0.0, 0.0, 0.0, 0.0, 1.0, 0.0, 0.0, 0.0, 0.0, 0.9999959468841553, 0.0, 71.39945983886719, -1.7021633880176523e-07, 173.23226928710938, 1.0 ] }
  ]
}