{"0_KeyFrameSize":3,"1_Data":[{"0_Transform State":[0.5234889388084412,0.0,-0.8520321846008301,0.0,0.0,1.0,0.0,0.0,0.8520321846008301,0.0,0.5234889388084412,0.0,20.476179122924805,-0.48296618461608887,71.01652526855469,1.0]},{"0_Transform State":[0.8875470757484436,0.0,-0.4607163965702057,0.0,0.0,1.0,0.0,0.0,0.4607163965702057,0.0,0.8875470757484436,0.0,67.62478637695313,-0.48296618461608887,97.40754699707031,1.0]},{"0_Transform State":[0.9947622418403625,0.0,-0.10218726098537445,0.0,0.0,1.0,0.0,0.0,0.10218726098537445,0.0,0.9947622418403625,0.0,170.2960205078125,21.359289169311523,374.17529296875,1.0]}]}