{"Acceleration":[0.2540000081062317,0.0],"Color":[1.0,1.0,1.0,1.0],"DiffuseTextureIndex":3,"Duration":0.0,"GuageSpeed":2.0,"MaskTextureIndex":-1,"MinColor":[0.1289999932050705,0.3240000009536743,0.5,1.0],"Speed":[502.4988098144531,0.0],"localMatrix":[523.8595581054688,0.0,0.0,0.0,0.0,15.0,0.0,0.0,0.0,0.0,1.0,0.0,270.92974853515625,-10.0,0.0,1.0],"renderPass":7}